[{"params":{"id":0,"name":"CIFAR 10 Loader","position":{"x":60,"y":48},"scale":{"x":135,"y":121},"scene":0},"children":[],"scripts":[{"source":"CIFAR10_loader.py","params":[{"name":"batch_size","value":"32","type":"int\r"},{"name":"path","value":["C:\\Users\\Boris\\Documents\\Projects\\Tensorflow\\TensorFlow Projects\\inputs\\datasets\\cifar10"],"type":"folder\r"},{"name":"image_format","value":"Grayscale","type":"list:Grayscale,RGB\r"},{"name":"one_pixel","value":"True","type":"bool\r"}],"id":16}]},{"params":{"id":4,"name":"Model","position":{"x":356,"y":140},"scale":{"x":249,"y":190},"scene":0},"children":[{"params":{"id":6,"name":"Convolutions","position":{"x":374,"y":212},"scale":{"x":95,"y":95},"scene":0},"children":[],"scripts":[{"source":"convolutions.py","params":[],"id":18}]}],"scripts":[{"source":"graph.py","params":[{"name":"model_elements","value":"6;7","type":"array|object\r"}],"id":19}]},{"params":{"id":7,"name":"neural network","position":{"x":490,"y":212},"scale":{"x":95,"y":95},"scene":0},"children":[],"scripts":[{"source":"neural_network.py","params":[{"name":"hidden_units","value":"1024;256;10","type":"array|int\r"}],"id":21}]},{"params":{"id":10,"name":"Auto Encoder","position":{"x":652,"y":51},"scale":{"x":248,"y":136},"scene":0},"children":[],"scripts":[{"source":"auto_encoder.py","params":[{"name":"mode","value":" Training\r","type":"list:Training,Encoding,Decoding\r"},{"name":"_input","value":0,"type":"object\r"},{"name":"Encoder","value":7,"type":"object\r"},{"name":"Decoder","value":12,"type":"object\r"},{"name":"learning_rate","value":" 0.0001\r","type":"float\r"},{"name":"training_iterations","value":" 3000\t\r","type":"int\r"},{"name":"display_step","value":" 100\r","type":"int\r"},{"name":"save_path","value":" \r","type":"folder\r"},{"name":"solver","value":" Adam\r","type":"list:Adam\r"},{"name":"preview","value":"True","type":"bool\r"}],"id":23}]},{"params":{"id":12,"name":"Decoder","position":{"x":378,"y":339},"scale":{"x":95,"y":95},"scene":0},"children":[],"scripts":[{"source":"neural_network.py","params":[{"name":"hidden_units","value":"10;256;1024","type":"array|int\r"}],"id":25}]},{"params":{"id":13,"name":"Fake","position":{"x":968,"y":209},"scale":{"x":116,"y":171},"scene":0},"children":[],"scripts":[{"source":"image_viewer.py","params":[{"name":"_input","value":10,"type":"object\r"},{"name":"filter","value":"fake ","type":"string\r"}],"id":27}]},{"params":{"id":14,"name":"Original","position":{"x":826,"y":206},"scale":{"x":122,"y":176},"scene":0},"children":[],"scripts":[{"source":"image_viewer.py","params":[{"name":"_input","value":10,"type":"object\r"},{"name":"filter","value":"original","type":"string\r"}],"id":29}]},{"params":{"id":30,"name":"chart","position":{"x":76,"y":188},"scale":{"x":235,"y":263},"scene":0},"children":[],"scripts":[{"source":"chart.py","params":[{"name":"_input","value":10,"type":"object\r"},{"name":"type","value":" line\r","type":"list:line,pie,doughnut,\r"},{"name":"filter","value":" \r","type":"string\r"},{"name":"limit","value":" 999","type":"int\r"}],"id":0}]}]