[{"params":{"id":0,"name":"AutoEncoder","position":{"x":358,"y":81},"scale":{"x":170,"y":102},"scene":0},"children":[],"scripts":[{"source":"auto_encoder.py","params":[{"name":"mode","value":" Training\r","type":"list:Training,Encoding,Decoding\r"},{"name":"preview","value":"True","type":"bool\r"},{"name":"_input","value":2,"type":"object\r"},{"name":"Encoder","value":4,"type":"object\r"},{"name":"Decoder","value":5,"type":"object\r"},{"name":"learning_rate","value":" 0.0001\r","type":"float\r"},{"name":"training_iterations","value":" 3000","type":"int\r"},{"name":"display_step","value":" 100\r","type":"int\r"},{"name":"save_path","value":" \r","type":"folder\r"},{"name":"solver","value":" Adam\r","type":"list:Adam\r"}],"id":166}]},{"params":{"id":2,"name":"MINST loader","position":{"x":560,"y":86},"scale":{"x":162,"y":89},"scene":0},"children":[],"scripts":[{"source":"MINST_loader.py","params":[{"name":"batch_size","value":" 100\r","type":"int\r"}],"id":168}]},{"params":{"id":4,"name":"Encoder","position":{"x":566,"y":224},"scale":{"x":75,"y":75},"scene":0},"children":[],"scripts":[{"source":"neural_network.py","params":[{"name":"hidden_units","value":"784;256;10","type":"array|int\r"},{"name":"use_name","value":" False\r","type":"bool\r"}],"id":170}]},{"params":{"id":5,"name":"Decoder","position":{"x":478,"y":207},"scale":{"x":75,"y":75},"scene":0},"children":[],"scripts":[{"source":"neural_network.py","params":[{"name":"hidden_units","value":"10;256;784","type":"array|int\r"},{"name":"use_name","value":" False\r","type":"bool\r"}],"id":172}]},{"params":{"id":8,"name":"chart","position":{"x":32,"y":86},"scale":{"x":297,"y":329},"scene":0},"children":[],"scripts":[{"source":"chart.py","params":[{"name":"_input","value":0,"type":"object\r"},{"name":"type","value":" line\r","type":"list:line,pie,doughnut,\r"},{"name":"filter","value":" \r","type":"string\r"},{"name":"limit","value":" 999","type":"int\r"}],"id":174}]},{"params":{"id":21,"name":"Fake","position":{"x":968,"y":180},"scale":{"x":138,"y":203},"scene":0},"children":[],"scripts":[{"source":"image_viewer.py","params":[{"name":"_input","value":0,"type":"object\r"},{"name":"filter","value":"fake","type":"string\r"}],"id":176}]},{"params":{"id":22,"name":"Original","position":{"x":816,"y":132},"scale":{"x":137,"y":201},"scene":0},"children":[],"scripts":[{"source":"image_viewer.py","params":[{"name":"_input","value":0,"type":"object\r"},{"name":"filter","value":"original","type":"string\r"}],"id":178}]}]