[{"params":{"id":0,"name":"classifier","position":{"x":254,"y":108},"scale":{"x":182,"y":100},"scene":0},"children":[],"scripts":[{"source":"classifier.py","params":[{"name":"_input","value":1,"type":"object\r"},{"name":"_model","value":3,"type":"object\r"},{"name":"learning_rate","value":" 0.0001\r","type":"float\r"},{"name":"training_iterations","value":" 1000","type":"int\r"},{"name":"display_step","value":" 100\r","type":"int\r"},{"name":"method","value":" Adam\r","type":"list:Adam\r"},{"name":"save_path","value":["C:\\Users\\Boris\\Documents\\Projects\\IABlocs\\projects\\MINST Classifier\\Saver"],"type":"folder\r"}],"id":1}]},{"params":{"id":1,"name":"MINST Loader","position":{"x":54,"y":63},"scale":{"x":128,"y":114},"scene":0},"children":[],"scripts":[{"source":"MINST_loader.py","params":[{"name":"batch_size","value":" 100\r","type":"int\r"}],"id":3}]},{"params":{"id":3,"name":"Model","position":{"x":42,"y":254},"scale":{"x":255,"y":177},"scene":0},"children":[],"scripts":[{"source":"graph.py","params":[{"name":"model_elements","value":"4;7","type":"array|object\r"}],"id":5}]},{"params":{"id":4,"name":"Neural Network","position":{"x":58,"y":316},"scale":{"x":95,"y":95},"scene":0},"children":[],"scripts":[{"source":"neural_network.py","params":[{"name":"hidden_units","value":"784;256;10","type":"array|int\r"}],"id":7}]},{"params":{"id":7,"name":"Softmax","position":{"x":184,"y":313},"scale":{"x":95,"y":95},"scene":0},"children":[],"scripts":[{"source":"function.py","params":[{"name":"function","value":" sigmoid\r","type":"list: sigmoid, tanh, softmax, relu\r"}],"id":9}]},{"params":{"id":8,"name":"Loss","position":{"x":460,"y":49},"scale":{"x":236,"y":265},"scene":0},"children":[],"scripts":[{"source":"chart.py","params":[{"name":"_input","value":0,"type":"object\r"},{"name":"type","value":" line\r","type":"list:line,pie,doughnut,\r"},{"name":"filter","value":" Loss","type":"string\r"},{"name":"limit","value":" 999","type":"int\r"}],"id":11}]},{"params":{"id":9,"name":"Accuracy","position":{"x":740,"y":84},"scale":{"x":262,"y":292},"scene":0},"children":[],"scripts":[{"source":"chart.py","params":[{"name":"_input","value":0,"type":"object\r"},{"name":"type","value":" line\r","type":"list:line,pie,doughnut,\r"},{"name":"filter","value":"Accuracy","type":"string\r"},{"name":"limit","value":" 999","type":"int\r"}],"id":13}]},{"params":{"id":14,"name":"MINST loader","position":{"x":698,"y":40},"scale":{"x":122,"y":121},"scene":1},"children":[],"scripts":[{"source":"MINST_loader.py","params":[{"name":"batch_size","value":"256","type":"int\r"}],"id":15}]},{"params":{"id":15,"name":"Model","position":{"x":862,"y":50},"scale":{"x":245,"y":184},"scene":1},"children":[{"params":{"id":16,"name":"neural network","position":{"x":887,"y":113},"scale":{"x":95,"y":95},"scene":1},"children":[],"scripts":[{"source":"neural_network.py","params":[{"name":"hidden_units","value":"784;256;10","type":"array|int\r"}],"id":17}]},{"params":{"id":17,"name":"function","position":{"x":996,"y":114},"scale":{"x":95,"y":95},"scene":1},"children":[],"scripts":[{"source":"function.py","params":[{"name":"function","value":" sigmoid\r","type":"list: sigmoid, tanh, softmax, relu\r"}],"id":18}]}],"scripts":[{"source":"graph.py","params":[{"name":"model_elements","value":"16;17","type":"array|object\r"}],"id":19}]},{"params":{"id":19,"name":"Predictor","position":{"x":499,"y":46},"scale":{"x":180,"y":128},"scene":1},"children":[],"scripts":[{"source":"predictor.py","params":[{"name":"_input","value":14,"type":"object\r"},{"name":"_model","value":15,"type":"object\r"},{"name":"save_path","value":["C:\\Users\\Boris\\Documents\\Projects\\IABlocs\\projects\\MINST Classifier\\Saver"],"type":"folder\r"}],"id":21}]},{"params":{"id":21,"name":"chart","position":{"x":66,"y":70},"scale":{"x":249,"y":296},"scene":1},"children":[],"scripts":[{"source":"chart.py","params":[{"name":"_input","value":19,"type":"object\r"},{"name":"type","value":"pie","type":"list:line,pie,doughnut,\r"},{"name":"filter","value":" \r","type":"string\r"},{"name":"limit","value":" 999","type":"int\r"}],"id":23}]},{"params":{"id":25,"name":"image viewer","position":{"x":337,"y":228},"scale":{"x":116,"y":184},"scene":1},"children":[],"scripts":[{"source":"image_viewer.py","params":[{"name":"_input","value":14,"type":"object\r"},{"name":"filter","value":" ","type":"string\r"}],"id":25}]}]